{
  "auth Request" : {
    "transaction" : "auth Request",
    "sampleCount" : 1000,
    "errorCount" : 0,
    "errorPct" : 0.0,
    "meanResTime" : 6709.717000000007,
    "medianResTime" : 6011.0,
    "minResTime" : 1300.0,
    "maxResTime" : 20267.0,
    "pct1ResTime" : 11397.2,
    "pct2ResTime" : 13331.399999999994,
    "pct3ResTime" : 18576.030000000002,
    "throughput" : 35.349429106719924,
    "receivedKBytesPerSec" : 18.18724675448054,
    "sentKBytesPerSec" : 8.664752642369825
  },
  "GetBooking " : {
    "transaction" : "GetBooking ",
    "sampleCount" : 1000,
    "errorCount" : 0,
    "errorPct" : 0.0,
    "meanResTime" : 1793.9690000000007,
    "medianResTime" : 1512.0,
    "minResTime" : 635.0,
    "maxResTime" : 25964.0,
    "pct1ResTime" : 2512.8,
    "pct2ResTime" : 2925.499999999999,
    "pct3ResTime" : 10023.180000000004,
    "throughput" : 21.746694502435627,
    "receivedKBytesPerSec" : 285.54248743448807,
    "sentKBytesPerSec" : 2.9307068763048014
  },
  "Total" : {
    "transaction" : "Total",
    "sampleCount" : 5000,
    "errorCount" : 0,
    "errorPct" : 0.0,
    "meanResTime" : 2656.207799999992,
    "medianResTime" : 1698.5,
    "minResTime" : 299.0,
    "maxResTime" : 36397.0,
    "pct1ResTime" : 6526.40000000002,
    "pct2ResTime" : 10288.9,
    "pct3ResTime" : 13417.239999999983,
    "throughput" : 98.67966606801002,
    "receivedKBytesPerSec" : 522.4409317395746,
    "sentKBytesPerSec" : 22.5008719273619
  },
  "GetBookingIds " : {
    "transaction" : "GetBookingIds ",
    "sampleCount" : 1000,
    "errorCount" : 0,
    "errorPct" : 0.0,
    "meanResTime" : 2117.078,
    "medianResTime" : 1857.5,
    "minResTime" : 326.0,
    "maxResTime" : 36397.0,
    "pct1ResTime" : 3260.6,
    "pct2ResTime" : 4264.549999999999,
    "pct3ResTime" : 10189.75,
    "throughput" : 24.181457658267643,
    "receivedKBytesPerSec" : 277.6239384717923,
    "sentKBytesPerSec" : 3.258829254727475
  },
  "CreateBooking" : {
    "transaction" : "CreateBooking",
    "sampleCount" : 1000,
    "errorCount" : 0,
    "errorPct" : 0.0,
    "meanResTime" : 1328.8219999999992,
    "medianResTime" : 1321.0,
    "minResTime" : 299.0,
    "maxResTime" : 5209.0,
    "pct1ResTime" : 2001.0,
    "pct2ResTime" : 2235.85,
    "pct3ResTime" : 2380.99,
    "throughput" : 21.89669140992796,
    "receivedKBytesPerSec" : 15.235029334723775,
    "sentKBytesPerSec" : 9.686719930368522
  },
  "GetBookingID" : {
    "transaction" : "GetBookingID",
    "sampleCount" : 1000,
    "errorCount" : 0,
    "errorPct" : 0.0,
    "meanResTime" : 1331.4529999999986,
    "medianResTime" : 1408.0,
    "minResTime" : 299.0,
    "maxResTime" : 7628.0,
    "pct1ResTime" : 2093.9,
    "pct2ResTime" : 2279.95,
    "pct3ResTime" : 4548.760000000003,
    "throughput" : 22.292567657942843,
    "receivedKBytesPerSec" : 14.49119217168621,
    "sentKBytesPerSec" : 4.080998477138972
  }
}