{
  "auth Request" : {
    "transaction" : "auth Request",
    "sampleCount" : 800,
    "errorCount" : 1,
    "errorPct" : 0.125,
    "meanResTime" : 9271.383749999994,
    "medianResTime" : 9266.0,
    "minResTime" : 1336.0,
    "maxResTime" : 27552.0,
    "pct1ResTime" : 14391.299999999997,
    "pct2ResTime" : 18221.899999999998,
    "pct3ResTime" : 25439.64,
    "throughput" : 22.698899103393487,
    "receivedKBytesPerSec" : 11.708941149557372,
    "sentKBytesPerSec" : 5.55693544468562
  },
  "GetBooking " : {
    "transaction" : "GetBooking ",
    "sampleCount" : 800,
    "errorCount" : 0,
    "errorPct" : 0.0,
    "meanResTime" : 4268.943749999999,
    "medianResTime" : 2858.0,
    "minResTime" : 613.0,
    "maxResTime" : 37705.0,
    "pct1ResTime" : 8622.299999999992,
    "pct2ResTime" : 13350.649999999983,
    "pct3ResTime" : 16516.36,
    "throughput" : 12.116071969467498,
    "receivedKBytesPerSec" : 437.555004482,
    "sentKBytesPerSec" : 1.6328300115102683
  },
  "Total" : {
    "transaction" : "Total",
    "sampleCount" : 4000,
    "errorCount" : 1,
    "errorPct" : 0.025,
    "meanResTime" : 4889.93499999999,
    "medianResTime" : 2680.5,
    "minResTime" : 267.0,
    "maxResTime" : 37705.0,
    "pct1ResTime" : 12884.0,
    "pct2ResTime" : 13519.449999999993,
    "pct3ResTime" : 20341.209999999985,
    "throughput" : 56.17583034899234,
    "receivedKBytesPerSec" : 795.5308670827189,
    "sentKBytesPerSec" : 12.811668882978724
  },
  "GetBookingIds " : {
    "transaction" : "GetBookingIds ",
    "sampleCount" : 800,
    "errorCount" : 0,
    "errorPct" : 0.0,
    "meanResTime" : 7290.495000000002,
    "medianResTime" : 6883.0,
    "minResTime" : 1049.0,
    "maxResTime" : 34601.0,
    "pct1ResTime" : 13126.099999999999,
    "pct2ResTime" : 15905.349999999993,
    "pct3ResTime" : 20261.530000000002,
    "throughput" : 13.902405116085083,
    "receivedKBytesPerSec" : 456.4930069816141,
    "sentKBytesPerSec" : 1.8735663144724037
  },
  "CreateBooking" : {
    "transaction" : "CreateBooking",
    "sampleCount" : 800,
    "errorCount" : 0,
    "errorPct" : 0.0,
    "meanResTime" : 1839.4075,
    "medianResTime" : 2140.0,
    "minResTime" : 267.0,
    "maxResTime" : 7960.0,
    "pct1ResTime" : 2679.9,
    "pct2ResTime" : 2861.95,
    "pct3ResTime" : 3081.8900000000003,
    "throughput" : 12.0962864400629,
    "receivedKBytesPerSec" : 8.308060875506532,
    "sentKBytesPerSec" : 5.351189216160639
  },
  "GetBookingID" : {
    "transaction" : "GetBookingID",
    "sampleCount" : 800,
    "errorCount" : 0,
    "errorPct" : 0.0,
    "meanResTime" : 1779.4450000000008,
    "medianResTime" : 2042.0,
    "minResTime" : 270.0,
    "maxResTime" : 13902.0,
    "pct1ResTime" : 2774.0,
    "pct2ResTime" : 2954.7999999999997,
    "pct3ResTime" : 4155.970000000006,
    "throughput" : 12.386201771226853,
    "receivedKBytesPerSec" : 8.118042438223819,
    "sentKBytesPerSec" : 2.2740292314361805
  }
}