{
  "auth Request" : {
    "transaction" : "auth Request",
    "sampleCount" : 400,
    "errorCount" : 0,
    "errorPct" : 0.0,
    "meanResTime" : 1253.2724999999998,
    "medianResTime" : 1136.5,
    "minResTime" : 1052.0,
    "maxResTime" : 2260.0,
    "pct1ResTime" : 1796.4000000000005,
    "pct2ResTime" : 2145.9,
    "pct3ResTime" : 2207.9700000000003,
    "throughput" : 37.67542620325892,
    "receivedKBytesPerSec" : 19.699391306395402,
    "sentKBytesPerSec" : 9.23489450880663
  },
  "GetBooking " : {
    "transaction" : "GetBooking ",
    "sampleCount" : 400,
    "errorCount" : 0,
    "errorPct" : 0.0,
    "meanResTime" : 294.8999999999998,
    "medianResTime" : 290.5,
    "minResTime" : 264.0,
    "maxResTime" : 373.0,
    "pct1ResTime" : 317.0,
    "pct2ResTime" : 328.9,
    "pct3ResTime" : 352.94000000000005,
    "throughput" : 45.490731263505054,
    "receivedKBytesPerSec" : 405.8090864181736,
    "sentKBytesPerSec" : 6.1305868304333
  },
  "Total" : {
    "transaction" : "Total",
    "sampleCount" : 2000,
    "errorCount" : 0,
    "errorPct" : 0.0,
    "meanResTime" : 486.7075000000011,
    "medianResTime" : 293.0,
    "minResTime" : 260.0,
    "maxResTime" : 2260.0,
    "pct1ResTime" : 1136.9,
    "pct2ResTime" : 1195.0,
    "pct3ResTime" : 2145.98,
    "throughput" : 170.69215669539983,
    "receivedKBytesPerSec" : 663.4779127016301,
    "sentKBytesPerSec" : 38.90580993428352
  },
  "GetBookingIds " : {
    "transaction" : "GetBookingIds ",
    "sampleCount" : 400,
    "errorCount" : 0,
    "errorPct" : 0.0,
    "meanResTime" : 311.76750000000004,
    "medianResTime" : 293.0,
    "minResTime" : 263.0,
    "maxResTime" : 486.0,
    "pct1ResTime" : 410.80000000000007,
    "pct2ResTime" : 443.9,
    "pct3ResTime" : 462.0,
    "throughput" : 45.563275999544366,
    "receivedKBytesPerSec" : 394.4472649575692,
    "sentKBytesPerSec" : 6.140363367126096
  },
  "CreateBooking" : {
    "transaction" : "CreateBooking",
    "sampleCount" : 400,
    "errorCount" : 0,
    "errorPct" : 0.0,
    "meanResTime" : 283.5224999999998,
    "medianResTime" : 279.0,
    "minResTime" : 260.0,
    "maxResTime" : 356.0,
    "pct1ResTime" : 305.90000000000003,
    "pct2ResTime" : 320.95,
    "pct3ResTime" : 345.0,
    "throughput" : 45.78754578754578,
    "receivedKBytesPerSec" : 31.200143443795785,
    "sentKBytesPerSec" : 20.255623282967033
  },
  "GetBookingID" : {
    "transaction" : "GetBookingID",
    "sampleCount" : 400,
    "errorCount" : 0,
    "errorPct" : 0.0,
    "meanResTime" : 290.0749999999999,
    "medianResTime" : 284.0,
    "minResTime" : 260.0,
    "maxResTime" : 368.0,
    "pct1ResTime" : 323.90000000000003,
    "pct2ResTime" : 335.0,
    "pct3ResTime" : 359.0,
    "throughput" : 46.73989249824725,
    "receivedKBytesPerSec" : 30.512500182577707,
    "sentKBytesPerSec" : 8.535507712082262
  }
}