{
  "auth Request" : {
    "transaction" : "auth Request",
    "sampleCount" : 600,
    "errorCount" : 0,
    "errorPct" : 0.0,
    "meanResTime" : 7638.726666666668,
    "medianResTime" : 7621.5,
    "minResTime" : 1243.0,
    "maxResTime" : 24307.0,
    "pct1ResTime" : 12330.9,
    "pct2ResTime" : 14563.849999999964,
    "pct3ResTime" : 22377.92,
    "throughput" : 18.62428606903402,
    "receivedKBytesPerSec" : 9.638158979621927,
    "sentKBytesPerSec" : 4.5651326204370495
  },
  "GetBooking " : {
    "transaction" : "GetBooking ",
    "sampleCount" : 600,
    "errorCount" : 0,
    "errorPct" : 0.0,
    "meanResTime" : 4068.223333333337,
    "medianResTime" : 2901.0,
    "minResTime" : 686.0,
    "maxResTime" : 44209.0,
    "pct1ResTime" : 7097.399999999999,
    "pct2ResTime" : 10347.449999999993,
    "pct3ResTime" : 17848.010000000002,
    "throughput" : 10.109690137997271,
    "receivedKBytesPerSec" : 458.30494919354163,
    "sentKBytesPerSec" : 1.3624387100035384
  },
  "Total" : {
    "transaction" : "Total",
    "sampleCount" : 3000,
    "errorCount" : 0,
    "errorPct" : 0.0,
    "meanResTime" : 4302.548333333338,
    "medianResTime" : 2752.0,
    "minResTime" : 302.0,
    "maxResTime" : 44209.0,
    "pct1ResTime" : 10101.5,
    "pct2ResTime" : 12212.649999999998,
    "pct3ResTime" : 18071.789999999994,
    "throughput" : 47.63492592769018,
    "receivedKBytesPerSec" : 859.6442799881706,
    "sentKBytesPerSec" : 10.866717477254323
  },
  "GetBookingIds " : {
    "transaction" : "GetBookingIds ",
    "sampleCount" : 600,
    "errorCount" : 0,
    "errorPct" : 0.0,
    "meanResTime" : 6107.8516666666665,
    "medianResTime" : 5165.5,
    "minResTime" : 698.0,
    "maxResTime" : 25153.0,
    "pct1ResTime" : 10513.199999999999,
    "pct2ResTime" : 13545.999999999976,
    "pct3ResTime" : 20355.71000000001,
    "throughput" : 15.732752969557124,
    "receivedKBytesPerSec" : 677.1444735837244,
    "sentKBytesPerSec" : 2.1202342869129716
  },
  "CreateBooking" : {
    "transaction" : "CreateBooking",
    "sampleCount" : 600,
    "errorCount" : 0,
    "errorPct" : 0.0,
    "meanResTime" : 1899.9550000000008,
    "medianResTime" : 2139.5,
    "minResTime" : 302.0,
    "maxResTime" : 10428.0,
    "pct1ResTime" : 2960.8,
    "pct2ResTime" : 3135.95,
    "pct3ResTime" : 3312.7400000000002,
    "throughput" : 10.490244073012098,
    "receivedKBytesPerSec" : 7.317679421419331,
    "sentKBytesPerSec" : 4.640703676830547
  },
  "GetBookingID" : {
    "transaction" : "GetBookingID",
    "sampleCount" : 600,
    "errorCount" : 0,
    "errorPct" : 0.0,
    "meanResTime" : 1797.985,
    "medianResTime" : 1982.0,
    "minResTime" : 303.0,
    "maxResTime" : 7226.0,
    "pct1ResTime" : 3108.9,
    "pct2ResTime" : 3218.5999999999995,
    "pct3ResTime" : 6404.580000000007,
    "throughput" : 10.902747492368077,
    "receivedKBytesPerSec" : 7.019424493930805,
    "sentKBytesPerSec" : 2.0016762974269517
  }
}